[
  {
    "bootstrapKeys": [
      {
        "baseLog": 15,
        "glweDimension": 1,
        "inputLweDimension": 1039,
        "inputSecretKeyID": 1,
        "level": 2,
        "outputSecretKeyID": 0,
        "polynomialSize": 32768,
        "variance": 4.70197740328915e-38
      }
    ],
    "functionName": "main",
    "inputs": [
      {
        "encryption": {
          "encoding": {
            "isSigned": false,
            "precision": 9
          },
          "secretKeyID": 0,
          "variance": 4.70197740328915e-38
        },
        "shape": {
          "dimensions": [],
          "sign": false,
          "size": 0,
          "width": 9
        }
      }
    ],
    "keyswitchKeys": [
      {
        "baseLog": 3,
        "inputSecretKeyID": 0,
        "level": 7,
        "outputSecretKeyID": 1,
        "variance": 1.4322914035168713e-15
      }
    ],
    "outputs": [
      {
        "encryption": {
          "encoding": {
            "isSigned": true,
            "precision": 9
          },
          "secretKeyID": 0,
          "variance": 4.70197740328915e-38
        },
        "shape": {
          "dimensions": [],
          "sign": true,
          "size": 0,
          "width": 9
        }
      }
    ],
    "packingKeyswitchKeys": [],
    "secretKeys": [
      {
        "dimension": 32768
      },
      {
        "dimension": 1039
      }
    ]
  }
]